Month,Cost
1,197.53
2,104.16
3,99.12
4,275.58
5,238.533954
6,429.8663933
7,490.6976737
8,449.4194606
9,357.9218629
10,512.4113163
11,171.06991
12,102.86
